File,Part
lin_back_v2.mp4,back
Denise_head_sholder.mp4,head
Neil_head.mp4,head
Denise_arm.mp4,arm
ralph_eyes_edited(1).mp4,eyes
learie_torso_loop.mp4,chest
neil chest.mp4,chest
neil torso_1.mp4,chest
Denise_foot.mp4,foot
kurt_leg.mp4,leg
ralph_rKnee_loop.mp4,knee
denise knees1.mp4,knee
claudia-back-loop.mp4,back
neil_torso_loop.mp4,chest
Barry_torso_looped.mp4,chest
Mat_hand.mp4,hand
melissa-hand-loop.mp4,hand
Manuel_back_arm_loopv2.mp4,back
denise knees_1.mp4,knee
gianna_foot.mp4,foot
deniseC_hand2_loop.mp4,hand
gianna_torso_unscreen_loop_crop.mp4,chest
Mat_head_looped.mp4,head
laurence-belly-loop.mp4,belly
Denise_2knees_mild_loop.mp4,knee
deepti_face_loop.mp4,face
ralph_collar_loopv2.mp4,arm
Neil_belly_closeup.mp4,belly
Neil_arm.mp4,arm
Denise_arm_1.mp4,arm
neil_RArm_loop.mp4,arm
camille_back_floor.mp4,back
denise_throat.mp4,neck
kate_back_loop.mp4,back
niashi_1hand_loop.mp4,hand
belinda_foot.mp4,foot
denise-back-loop.mp4,back
kurt_hand.mp4,hand
camille_arm1_loop.mp4,arm
Yukichi_2feet_walkleftright.mp4,foot
kate_foot_loop.mp4,foot
manuel-foot-loop.mp4,foot
learie_2eyes.mp4,eyes
yaw-chest3-loop.mp4,chest
ming_mouth2_loop.mp4,mouth
ming_noFingerHand_loop.mp4,hand
yaw-feet1-loop.mp4,foot
Barry_torso_looped_1.mp4,chest
neil torso.mp4,chest
lin_mouth.mp4,mouth
Neil_belly.mp4,belly
denise knee.mp4,knee
kurt_torso_loop.mp4,chest
camille-belly-in-the-water-loop.mp4,belly
ming_1hand_loop.mp4,hand
Denise_Eyeball.mp4,eyes
kate_hair_loop.mp4,head
denise knee_1.mp4,knee
denise knees.mp4,knee
melissa_legs_loop.mp4,leg
Barry_throat_looped.mp4,neck
deniseC_arm3_loop.mp4,arm
naishi_leg_loop.mp4,leg
ralph_eyes_edited.mp4,eyes
deepti-hands-loop.mp4,hand
camille-belly-in-the-water-full.mp4,belly
